n,threads,run,time_ms
6400,8,3,230739318.0
6400,8,7,282622401.0
6400,8,11,289440510.0
6400,8,15,262752332.0
6400,8,19,260446837.0
6400,8,23,226307673.0
6400,8,27,235077030.0
6400,8,31,274246858.0
6400,8,35,276591886.0
6400,8,39,276885370.0
6400,8,43,288917396.0
6400,8,47,282812696.0
6400,8,51,228287861.0
6400,8,55,254059667.0
6400,8,59,229022640.0
6400,8,63,269507190.0
6400,8,67,236323090.0
6400,8,71,272523775.0
6400,8,75,257060347.0
6400,8,79,286178640.0
6400,8,83,275958359.0
6400,8,87,264908804.0
6400,8,91,283479763.0
6400,8,95,222013535.0
6400,8,99,244897762.0
6400,8,103,283018254.0
6400,8,107,276145385.0
6400,8,111,232863394.0
6400,8,115,234459439.0
6400,8,119,280413815.0
4800,2,3,219877967.0
4800,2,7,246496385.0
4800,2,11,235371001.0
4800,2,15,219648468.0
4800,2,19,219924055.0
4800,2,23,221526958.0
4800,2,27,220901103.0
4800,2,31,220605113.0
4800,2,35,221683318.0
4800,2,39,221414332.0
4800,2,43,220204351.0
4800,2,47,219880951.0
4800,2,51,219553178.0
4800,2,55,221162109.0
4800,2,59,220624717.0
4800,2,63,220224080.0
4800,2,67,219714300.0
4800,2,71,220851424.0
4800,2,75,221849427.0
4800,2,79,222316587.0
4800,2,83,220285424.0
4800,2,87,220070831.0
4800,2,91,220005979.0
4800,2,95,221976185.0
4800,2,99,222417916.0
4800,2,103,220855924.0
4800,2,107,221317289.0
4800,2,111,220095792.0
4800,2,115,220333386.0
4800,2,119,220539363.0
1600,1,3,3301108.0
1600,1,7,3310682.0
1600,1,11,3221421.0
1600,1,15,3056229.0
1600,1,19,3532476.0
1600,1,23,2950589.0
1600,1,27,3152103.0
1600,1,31,3570003.0
1600,1,35,3585488.0
1600,1,39,3097606.0
1600,1,43,3506847.0
1600,1,47,3371767.0
1600,1,51,3059703.0
1600,1,55,2979271.0
1600,1,59,3578184.0
1600,1,63,3033295.0
1600,1,67,3271701.0
1600,1,71,3434541.0
1600,1,75,3248393.0
1600,1,79,3121364.0
1600,1,83,3213841.0
1600,1,87,3355816.0
1600,1,91,3402011.0
1600,1,95,3130706.0
1600,1,99,3128511.0
1600,1,103,3011829.0
1600,1,107,3053563.0
1600,1,111,3022975.0
1600,1,115,3156522.0
1600,1,119,3052945.0
4800,1,3,697105628.0
4800,1,7,613679702.0
4800,1,11,700168583.0
4800,1,15,695715432.0
4800,1,19,697893166.0
4800,1,23,612996275.0
4800,1,27,706197610.0
4800,1,31,603723280.0
4800,1,35,619573034.0
4800,1,39,698254067.0
4800,1,43,680884829.0
4800,1,47,686935125.0
4800,1,51,629961432.0
4800,1,55,706594075.0
4800,1,59,706803519.0
4800,1,63,701404690.0
4800,1,67,612186357.0
4800,1,71,634362783.0
4800,1,75,701142137.0
4800,1,79,698920611.0
4800,1,83,625730503.0
4800,1,87,691970492.0
4800,1,91,696648097.0
4800,1,95,592545890.0
4800,1,99,605870823.0
4800,1,103,609217986.0
4800,1,107,603332432.0
4800,1,111,699370225.0
4800,1,115,693390165.0
4800,1,119,669419051.0
7200,4,3,391689411.0
7200,4,7,406846141.0
7200,4,11,394986010.0
7200,4,15,392790232.0
7200,4,19,391593808.0
7200,4,23,394854681.0
7200,4,27,404596471.0
7200,4,31,405932305.0
7200,4,35,392458703.0
7200,4,39,390456135.0
7200,4,43,395180491.0
7200,4,47,393675655.0
7200,4,51,393706130.0
7200,4,55,390106273.0
7200,4,59,390821584.0
7200,4,63,392906892.0
7200,4,67,392069029.0
7200,4,71,392628458.0
7200,4,75,390755461.0
7200,4,79,400480400.0
7200,4,83,411450224.0
7200,4,87,394025822.0
7200,4,91,392894266.0
7200,4,95,404664286.0
7200,4,99,392614636.0
7200,4,103,392370263.0
7200,4,107,393933224.0
7200,4,111,394443960.0
7200,4,115,410478230.0
7200,4,119,399398520.0
1600,2,3,2139132.0
1600,2,7,1913843.0
1600,2,11,2985812.0
1600,2,15,2066247.0
1600,2,19,2312496.0
1600,2,23,1927000.0
1600,2,27,2644424.0
1600,2,31,1980711.0
1600,2,35,1936125.0
1600,2,39,4068162.0
1600,2,43,1998366.0
1600,2,47,1900238.0
1600,2,51,2232010.0
1600,2,55,1941201.0
1600,2,59,2304806.0
1600,2,63,1936357.0
1600,2,67,2095093.0
1600,2,71,2339540.0
1600,2,75,2810711.0
1600,2,79,1958932.0
1600,2,83,1959014.0
1600,2,87,2251486.0
1600,2,91,1995101.0
1600,2,95,2055647.0
1600,2,99,2272660.0
1600,2,103,2003941.0
1600,2,107,1928258.0
1600,2,111,1934383.0
1600,2,115,1910353.0
1600,2,119,2018791.0
4800,4,3,107701809.0
4800,4,7,109711651.0
4800,4,11,109531759.0
4800,4,15,109203664.0
4800,4,19,109904839.0
4800,4,23,109783975.0
4800,4,27,110810573.0
4800,4,31,109988511.0
4800,4,35,110287758.0
4800,4,39,109878391.0
4800,4,43,109919307.0
4800,4,47,109961165.0
4800,4,51,110541090.0
4800,4,55,113386236.0
4800,4,59,109686182.0
4800,4,63,109305220.0
4800,4,67,110639404.0
4800,4,71,110282560.0
4800,4,75,110145888.0
4800,4,79,110701185.0
4800,4,83,110532415.0
4800,4,87,110538218.0
4800,4,91,110791402.0
4800,4,95,111395816.0
4800,4,99,111208275.0
4800,4,103,110258721.0
4800,4,107,110467890.0
4800,4,111,111388230.0
4800,4,115,111224333.0
4800,4,119,110476602.0
7200,1,3,1447911627.0
7200,1,7,1481403806.0
7200,1,11,1531738047.0
7200,1,15,1444981930.0
7200,1,19,1515671425.0
7200,1,23,1467361754.0
7200,1,27,1496822591.0
7200,1,31,1456852288.0
7200,1,35,1457123636.0
7200,1,39,1473157918.0
7200,1,43,1492564492.0
7200,1,47,1492303541.0
7200,1,51,1486067502.0
7200,1,55,1483616832.0
7200,1,59,1495150594.0
7200,1,63,1490989406.0
7200,1,67,1506304438.0
7200,1,71,1463156705.0
7200,1,75,1489750236.0
7200,1,79,1474182917.0
7200,1,83,1529686222.0
7200,1,87,1512906262.0
7200,1,91,1460785755.0
7200,1,95,1486082641.0
7200,1,99,1494100544.0
7200,1,103,1519798967.0
7200,1,107,1494155916.0
7200,1,111,1468740235.0
7200,1,115,1471562262.0
7200,1,119,1503887717.0
8000,8,3,475080867.0
8000,8,7,407006844.0
8000,8,11,521019232.0
8000,8,15,459489995.0
8000,8,19,427934265.0
8000,8,23,448019188.0
8000,8,27,526939695.0
8000,8,31,531492788.0
8000,8,35,520149888.0
8000,8,39,446327455.0
8000,8,43,518454558.0
8000,8,47,471966236.0
8000,8,51,482870360.0
8000,8,55,435536645.0
8000,8,59,451937806.0
8000,8,63,545002876.0
8000,8,67,419964954.0
8000,8,71,445520457.0
8000,8,75,514552948.0
8000,8,79,520530711.0
8000,8,83,492724113.0
8000,8,87,421795512.0
8000,8,91,436772946.0
8000,8,95,463538328.0
8000,8,99,516268193.0
8000,8,103,497788827.0
8000,8,107,442168208.0
8000,8,111,487748363.0
8000,8,115,469990763.0
8000,8,119,411020633.0
4800,20,3,79837456.0
4800,20,7,75876565.0
4800,20,11,72710681.0
4800,20,15,77788416.0
4800,20,19,78640185.0
4800,20,23,81450921.0
4800,20,27,75523562.0
4800,20,31,75730018.0
4800,20,35,76002907.0
4800,20,39,77630011.0
4800,20,43,75053752.0
4800,20,47,76673542.0
4800,20,51,75060158.0
4800,20,55,76561402.0
4800,20,59,77495939.0
4800,20,63,82197935.0
4800,20,67,75159922.0
4800,20,71,75953896.0
4800,20,75,76522276.0
4800,20,79,75355489.0
4800,20,83,75548968.0
4800,20,87,75241120.0
4800,20,91,78211963.0
4800,20,95,76735967.0
4800,20,99,78644267.0
4800,20,103,75524976.0
4800,20,107,78229306.0
4800,20,111,73240459.0
4800,20,115,75269582.0
4800,20,119,79834110.0
1600,16,3,607387.0
1600,16,7,629299.0
1600,16,11,693827.0
1600,16,15,688014.0
1600,16,19,600865.0
1600,16,23,749419.0
1600,16,27,658425.0
1600,16,31,675783.0
1600,16,35,622264.0
1600,16,39,665380.0
1600,16,43,713785.0
1600,16,47,707185.0
1600,16,51,670145.0
1600,16,55,829253.0
1600,16,59,716110.0
1600,16,63,712196.0
1600,16,67,660884.0
1600,16,71,661668.0
1600,16,75,669875.0
1600,16,79,699638.0
1600,16,83,776928.0
1600,16,87,655287.0
1600,16,91,697466.0
1600,16,95,666534.0
1600,16,99,717019.0
1600,16,103,649147.0
1600,16,107,605751.0
1600,16,111,751455.0
1600,16,115,676534.0
1600,16,119,614593.0
7200,16,3,275239675.0
7200,16,7,284711764.0
7200,16,11,286064999.0
7200,16,15,288280514.0
7200,16,19,294474852.0
7200,16,23,279494921.0
7200,16,27,277402925.0
7200,16,31,296246148.0
7200,16,35,293837181.0
7200,16,39,303832530.0
7200,16,43,289339729.0
7200,16,47,312669320.0
7200,16,51,287209222.0
7200,16,55,268844796.0
7200,16,59,270359896.0
7200,16,63,287373593.0
7200,16,67,283213799.0
7200,16,71,282268473.0
7200,16,75,294947345.0
7200,16,79,289660545.0
7200,16,83,283431269.0
7200,16,87,307155030.0
7200,16,91,294801388.0
7200,16,95,274510620.0
7200,16,99,297748625.0
7200,16,103,291028328.0
7200,16,107,293297279.0
7200,16,111,283348176.0
7200,16,115,300101307.0
7200,16,119,279215736.0
2400,20,3,6324186.0
2400,20,7,6207617.0
2400,20,11,6239270.0
2400,20,15,6230298.0
2400,20,19,6379529.0
2400,20,23,6242949.0
2400,20,27,6299858.0
2400,20,31,6087511.0
2400,20,35,6267831.0
2400,20,39,6216073.0
2400,20,43,6244174.0
2400,20,47,6308249.0
2400,20,51,6366288.0
2400,20,55,6229026.0
2400,20,59,6297654.0
2400,20,63,6109861.0
2400,20,67,6158926.0
2400,20,71,6203268.0
2400,20,75,6246274.0
2400,20,79,6206107.0
2400,20,83,6262822.0
2400,20,87,6124892.0
2400,20,91,6274262.0
2400,20,95,6174112.0
2400,20,99,6229405.0
2400,20,103,6233989.0
2400,20,107,6272668.0
2400,20,111,6242007.0
2400,20,115,6246302.0
2400,20,119,6112999.0
7200,2,3,769191229.0
7200,2,7,796286893.0
7200,2,11,777315146.0
7200,2,15,803589257.0
7200,2,19,771191627.0
7200,2,23,772096209.0
7200,2,27,792620783.0
7200,2,31,768000417.0
7200,2,35,779989302.0
7200,2,39,786356477.0
7200,2,43,769979843.0
7200,2,47,773952192.0
7200,2,51,775590967.0
7200,2,55,798079412.0
7200,2,59,777828132.0
7200,2,63,773675487.0
7200,2,67,767795393.0
7200,2,71,780076563.0
7200,2,75,789050110.0
7200,2,79,789233127.0
7200,2,83,774252656.0
7200,2,87,779001168.0
7200,2,91,783012548.0
7200,2,95,773372755.0
7200,2,99,787286888.0
7200,2,103,770221021.0
7200,2,107,775540688.0
7200,2,111,768038676.0
7200,2,115,766362265.0
7200,2,119,776135788.0
4000,20,3,43384350.0
4000,20,7,42237148.0
4000,20,11,43125324.0
4000,20,15,41912399.0
4000,20,19,43723514.0
4000,20,23,42127771.0
4000,20,27,42881141.0
4000,20,31,42129872.0
4000,20,35,40914721.0
4000,20,39,42454665.0
4000,20,43,41666626.0
4000,20,47,44863653.0
4000,20,51,41345056.0
4000,20,55,43619630.0
4000,20,59,41818316.0
4000,20,63,42783394.0
4000,20,67,42569365.0
4000,20,71,42959190.0
4000,20,75,42093278.0
4000,20,79,43029210.0
4000,20,83,41030552.0
4000,20,87,41542494.0
4000,20,91,43242930.0
4000,20,95,43633244.0
4000,20,99,41814222.0
4000,20,103,43766306.0
4000,20,107,43887516.0
4000,20,111,43100193.0
4000,20,115,42802808.0
4000,20,119,41584673.0
1600,4,3,1165183.0
1600,4,7,1015968.0
1600,4,11,1100805.0
1600,4,15,1144505.0
1600,4,19,999828.0
1600,4,23,968198.0
1600,4,27,1005393.0
1600,4,31,1033059.0
1600,4,35,988232.0
1600,4,39,975427.0
1600,4,43,1040093.0
1600,4,47,1343579.0
1600,4,51,1208725.0
1600,4,55,974263.0
1600,4,59,1047525.0
1600,4,63,954264.0
1600,4,67,954944.0
1600,4,71,1036994.0
1600,4,75,951549.0
1600,4,79,966858.0
1600,4,83,1265777.0
1600,4,87,1702836.0
1600,4,91,974931.0
1600,4,95,1289032.0
1600,4,99,1170326.0
1600,4,103,1075801.0
1600,4,107,1087106.0
1600,4,111,990382.0
1600,4,115,1193810.0
1600,4,119,988088.0
5600,2,3,359095811.0
5600,2,7,356540853.0
5600,2,11,360131787.0
5600,2,15,356888890.0
5600,2,19,354112722.0
5600,2,23,356779475.0
5600,2,27,357567286.0
5600,2,31,360943945.0
5600,2,35,357110931.0
5600,2,39,357939057.0
5600,2,43,362851494.0
5600,2,47,355972405.0
5600,2,51,354722173.0
5600,2,55,465131867.0
5600,2,59,357361261.0
5600,2,63,355285146.0
5600,2,67,357859587.0
5600,2,71,356724556.0
5600,2,75,354409217.0
5600,2,79,356291229.0
5600,2,83,355995272.0
5600,2,87,363389637.0
5600,2,91,355792241.0
5600,2,95,354552405.0
5600,2,99,357830772.0
5600,2,103,355926198.0
5600,2,107,354587729.0
5600,2,111,355920157.0
5600,2,115,356179359.0
5600,2,119,356789817.0
3200,4,3,27739219.0
3200,4,7,27772351.0
3200,4,11,28037491.0
3200,4,15,28228719.0
3200,4,19,28523191.0
3200,4,23,28353644.0
3200,4,27,28237016.0
3200,4,31,28263547.0
3200,4,35,28359725.0
3200,4,39,28485462.0
3200,4,43,28529955.0
3200,4,47,28521879.0
3200,4,51,28525677.0
3200,4,55,28409711.0
3200,4,59,28301462.0
3200,4,63,28940079.0
3200,4,67,28625980.0
3200,4,71,28502904.0
3200,4,75,28429279.0
3200,4,79,28656720.0
3200,4,83,28535091.0
3200,4,87,28439474.0
3200,4,91,28698364.0
3200,4,95,28618149.0
3200,4,99,28541944.0
3200,4,103,28451040.0
3200,4,107,28678534.0
3200,4,111,28671397.0
3200,4,115,28822691.0
3200,4,119,28911844.0
8800,1,3,2886988221.0
8800,1,7,3309548220.0
8800,1,11,2984267772.0
8800,1,15,3012164387.0
8800,1,19,3316306337.0
8800,1,23,3299213396.0
8800,1,27,3303934097.0
8800,1,31,3124174353.0
8800,1,35,2924992090.0
8800,1,39,3308110213.0
8800,1,43,3049547359.0
8800,1,47,3313851757.0
8800,1,51,3310081128.0
8800,1,55,3309815860.0
8800,1,59,3335560735.0
8800,1,63,2962937379.0
8800,1,67,3486903995.0
8800,1,71,3302608251.0
8800,1,75,3040667093.0
8800,1,79,3301453773.0
8800,1,83,2852600191.0
8800,1,87,3292474026.0
8800,1,91,3027636226.0
8800,1,95,3326674751.0
8800,1,99,3299708521.0
8800,1,103,3290023935.0
8800,1,107,3310503362.0
8800,1,111,3291342326.0
8800,1,115,3297688163.0
8800,1,119,3032644071.0
5600,1,3,725760262.0
5600,1,7,728003727.0
5600,1,11,730783780.0
5600,1,15,733148537.0
5600,1,19,726327166.0
5600,1,23,733388482.0
5600,1,27,725475706.0
5600,1,31,758478041.0
5600,1,35,733562200.0
5600,1,39,723957505.0
5600,1,43,722794563.0
5600,1,47,720696822.0
5600,1,51,775842276.0
5600,1,55,725978482.0
5600,1,59,751497750.0
5600,1,63,724036907.0
5600,1,67,766437095.0
5600,1,71,724911097.0
5600,1,75,720298464.0
5600,1,79,732559488.0
5600,1,83,726007098.0
5600,1,87,727249797.0
5600,1,91,728537438.0
5600,1,95,723437152.0
5600,1,99,721090016.0
5600,1,103,757493733.0
5600,1,107,725864220.0
5600,1,111,729365560.0
5600,1,115,731398052.0
5600,1,119,737652450.0
8000,16,3,360593962.0
8000,16,7,403910623.0
8000,16,11,404836242.0
8000,16,15,413508356.0
8000,16,19,415486510.0
8000,16,23,380141370.0
8000,16,27,408415360.0
8000,16,31,412347648.0
8000,16,35,406144917.0
8000,16,39,412827855.0
8000,16,43,415446992.0
8000,16,47,401620969.0
8000,16,51,394878194.0
8000,16,55,416134046.0
8000,16,59,395095182.0
8000,16,63,390797045.0
8000,16,67,405265116.0
8000,16,71,415246822.0
8000,16,75,389342987.0
8000,16,79,392743420.0
8000,16,83,399721722.0
8000,16,87,402506923.0
8000,16,91,371328864.0
8000,16,95,433549185.0
8000,16,99,411131460.0
8000,16,103,377733909.0
8000,16,107,404825292.0
8000,16,111,392159726.0
8000,16,115,394323127.0
8000,16,119,447082950.0
8800,2,3,1418514577.0
8800,2,7,1435219290.0
8800,2,11,1418125101.0
8800,2,15,1416837339.0
8800,2,19,1416869095.0
8800,2,23,1479131442.0
8800,2,27,1422502096.0
8800,2,31,1422279263.0
8800,2,35,1417465596.0
8800,2,39,1422730432.0
8800,2,43,1444940976.0
8800,2,47,1451244584.0
8800,2,51,1463362201.0
8800,2,55,1420660079.0
8800,2,59,1421797032.0
8800,2,63,1419370597.0
8800,2,67,1420852927.0
8800,2,71,1421567410.0
8800,2,75,1424386473.0
8800,2,79,1421889293.0
2400,8,3,6942437.0
2400,8,7,7102607.0
2400,8,11,7282411.0
2400,8,15,7114675.0
2400,8,19,7352151.0
2400,8,23,7161705.0
2400,8,27,7078309.0
2400,8,31,6873748.0
2400,8,35,7305701.0
2400,8,39,7123736.0
2400,8,43,7341299.0
2400,8,47,7198255.0
2400,8,51,7099226.0
2400,8,55,6848274.0
2400,8,59,7178709.0
2400,8,63,7290326.0
2400,8,67,7257987.0
2400,8,71,7249530.0
2400,8,75,7126282.0
2400,8,79,7351906.0
2400,8,83,6524035.0
2400,8,87,7118720.0
2400,8,91,7020437.0
2400,8,95,7138694.0
2400,8,99,6995329.0
2400,8,103,7177398.0
2400,8,107,6854170.0
2400,8,111,6992675.0
2400,8,115,7121343.0
2400,8,119,7166903.0
5600,4,3,177117266.0
5600,4,7,181746491.0
5600,4,11,184473361.0
5600,4,15,179870647.0
5600,4,19,179308078.0
5600,4,23,179911461.0
5600,4,27,179691337.0
5600,4,31,179987188.0
5600,4,35,179895770.0
5600,4,39,180096667.0
5600,4,43,179881168.0
5600,4,47,185157874.0
5600,4,51,184449288.0
5600,4,55,180221756.0
5600,4,59,182757814.0
5600,4,63,180846753.0
5600,4,67,180637032.0
5600,4,71,179851623.0
5600,4,75,179146350.0
5600,4,79,180058337.0
5600,4,83,181671498.0
5600,4,87,180006789.0
5600,4,91,179993172.0
5600,4,95,185161131.0
5600,4,99,180182180.0
5600,4,103,180478450.0
5600,4,107,180895968.0
5600,4,111,181271837.0
5600,4,115,181969925.0
5600,4,119,179544174.0
3200,2,3,58223888.0
3200,2,7,58698155.0
3200,2,11,58379113.0
3200,2,15,58124636.0
3200,2,19,57869943.0
3200,2,23,58260670.0
3200,2,27,58013539.0
3200,2,31,58165840.0
3200,2,35,58703450.0
3200,2,39,57849835.0
3200,2,43,58129955.0
3200,2,47,58146754.0
3200,2,51,58842933.0
3200,2,55,58225266.0
3200,2,59,58767590.0
3200,2,63,58066761.0
3200,2,67,57890197.0
3200,2,71,58472278.0
3200,2,75,57938875.0
3200,2,79,58158519.0
3200,2,83,58719946.0
3200,2,87,57994961.0
3200,2,91,57970845.0
3200,2,95,57761770.0
3200,2,99,58165797.0
3200,2,103,58574481.0
3200,2,107,58215807.0
3200,2,111,58074687.0
3200,2,115,58632193.0
3200,2,119,57961287.0
800,8,3,69242.0
800,8,7,67041.0
800,8,11,70139.0
800,8,15,67779.0
800,8,19,71012.0
800,8,23,69976.0
800,8,27,67458.0
800,8,31,78554.0
800,8,35,73701.0
800,8,39,66495.0
800,8,43,71926.0
800,8,47,70539.0
800,8,51,74471.0
800,8,55,68591.0
800,8,59,68196.0
800,8,63,67461.0
800,8,67,71368.0
800,8,71,61657.0
800,8,75,67098.0
800,8,79,70150.0
800,8,83,68917.0
800,8,87,70255.0
800,8,91,66820.0
800,8,95,70357.0
800,8,99,84633.0
800,8,103,79466.0
800,8,107,70591.0
800,8,111,67160.0
800,8,115,70724.0
800,8,119,75051.0
5600,20,3,123187841.0
5600,20,7,123035697.0
5600,20,11,119927619.0
5600,20,15,127100586.0
5600,20,19,124461383.0
5600,20,23,124179823.0
5600,20,27,123709758.0
5600,20,31,121097838.0
5600,20,35,124942542.0
5600,20,39,126954523.0
5600,20,43,123327349.0
5600,20,47,123083273.0
5600,20,51,121119745.0
5600,20,55,122386485.0
5600,20,59,120704986.0
5600,20,63,123901741.0
5600,20,67,121457376.0
5600,20,71,116959188.0
5600,20,75,127806335.0
5600,20,79,115577585.0
5600,20,83,120740581.0
5600,20,87,122199855.0
5600,20,91,118435349.0
5600,20,95,123750152.0
5600,20,99,123239332.0
5600,20,103,120338945.0
5600,20,107,115502536.0
5600,20,111,122644465.0
5600,20,115,119414807.0
5600,20,119,122477407.0
3200,1,3,225359742.0
3200,1,7,224701670.0
3200,1,11,224620674.0
3200,1,15,226523533.0
3200,1,19,225967022.0
3200,1,23,224233665.0
3200,1,27,224265239.0
3200,1,31,226037981.0
3200,1,35,225228093.0
3200,1,39,223947623.0
3200,1,43,224914814.0
3200,1,47,227528519.0
3200,1,51,223314021.0
3200,1,55,225350216.0
3200,1,59,226316113.0
3200,1,63,225881810.0
3200,1,67,226301044.0
3200,1,71,225155294.0
3200,1,75,225114606.0
3200,1,79,225515024.0
3200,1,83,228524642.0
3200,1,87,224609292.0
3200,1,91,225107207.0
3200,1,95,222457038.0
3200,1,99,226034645.0
3200,1,103,223621988.0
3200,1,107,222538644.0
3200,1,111,222069152.0
3200,1,115,223450655.0
3200,1,119,224002277.0
3200,20,3,21085549.0
3200,20,7,20679376.0
3200,20,11,20048450.0
3200,20,15,20648501.0
3200,20,19,20464152.0
3200,20,23,20573038.0
3200,20,27,19923656.0
3200,20,31,21085549.0
3200,20,35,20260676.0
3200,20,39,19671957.0
3200,20,43,21458811.0
3200,20,47,19847843.0
3200,20,51,21057645.0
3200,20,55,20590452.0
3200,20,59,20122412.0
3200,20,63,20122446.0
3200,20,67,20573062.0
3200,20,71,21828783.0
3200,20,75,20219172.0
3200,20,79,20469775.0
3200,20,83,20199867.0
3200,20,87,20706810.0
3200,20,91,21319093.0
3200,20,95,20361333.0
3200,20,99,20061385.0
3200,20,103,20886136.0
3200,20,107,20391120.0
3200,20,111,20641288.0
3200,20,115,20502705.0
3200,20,119,20096363.0
6400,16,3,200371255.0
6400,16,7,220367944.0
6400,16,11,224196835.0
6400,16,15,217040250.0
6400,16,19,246663537.0
6400,16,23,238687458.0
6400,16,27,247629734.0
6400,16,31,226542379.0
6400,16,35,229734751.0
6400,16,39,218753982.0
6400,16,43,240597807.0
6400,16,47,242824402.0
6400,16,51,227856084.0
6400,16,55,247611368.0
6400,16,59,245747466.0
6400,16,63,242690411.0
6400,16,67,238327376.0
6400,16,71,229258970.0
6400,16,75,231003898.0
6400,16,79,244014526.0
6400,16,83,221393450.0
6400,16,87,226070126.0
6400,16,91,223905581.0
6400,16,95,221720449.0
6400,16,99,237954562.0
6400,16,103,245167155.0
6400,16,107,218493679.0
6400,16,111,229718677.0
6400,16,115,249243126.0
6400,16,119,226026911.0
4000,8,3,53001042.0
4000,8,7,52532635.0
4000,8,11,52706040.0
4000,8,15,52858145.0
4000,8,19,52588413.0
4000,8,23,52873006.0
4000,8,27,52589875.0
4000,8,31,48874870.0
4000,8,35,53702149.0
4000,8,39,52183434.0
4000,8,43,51879767.0
4000,8,47,53859428.0
4000,8,51,52682271.0
4000,8,55,52708041.0
4000,8,59,53444023.0
4000,8,63,53942055.0
4000,8,67,48207576.0
4000,8,71,52835507.0
4000,8,75,52792675.0
4000,8,79,52166445.0
4000,8,83,52768402.0
4000,8,87,52433022.0
4000,8,91,52139197.0
4000,8,95,51977031.0
4000,8,99,51097535.0
4000,8,103,52619462.0
4000,8,107,52766728.0
4000,8,111,47274432.0
4000,8,115,53098095.0
4000,8,119,53597457.0
800,16,3,74109.0
800,16,7,68490.0
800,16,11,69452.0
800,16,15,67773.0
800,16,19,69459.0
800,16,23,70611.0
800,16,27,67489.0
800,16,31,63142.0
800,16,35,76752.0
800,16,39,66282.0
800,16,43,68940.0
800,16,47,64705.0
800,16,51,69826.0
800,16,55,68452.0
800,16,59,69589.0
800,16,63,65470.0
800,16,67,68436.0
800,16,71,67568.0
800,16,75,83526.0
800,16,79,67607.0
800,16,83,68799.0
800,16,87,67107.0
800,16,91,66092.0
800,16,95,62689.0
800,16,99,61453.0
800,16,103,68608.0
800,16,107,65466.0
800,16,111,67694.0
800,16,115,68641.0
800,16,119,68981.0
8000,20,3,427740667.0
8000,20,7,409999620.0
8000,20,11,430011553.0
8000,20,15,451407132.0
8000,20,19,430795416.0
8000,20,23,448008052.0
8000,20,27,459310372.0
8000,20,31,441533995.0
8000,20,35,397661499.0
8000,20,39,475392307.0
8000,20,43,452527615.0
8000,20,47,420466007.0
8000,20,51,433535130.0
8000,20,55,401085759.0
8000,20,59,431421837.0
8000,20,63,470230132.0
8000,20,67,449864983.0
8000,20,71,393038418.0
8000,20,75,439686825.0
8000,20,79,459033210.0
8000,20,83,479231792.0
8000,20,87,452302955.0
8000,20,91,453133604.0
8000,20,95,484362068.0
8000,20,99,440305438.0
8000,20,103,468005179.0
8000,20,107,442418325.0
8000,20,111,401151424.0
8000,20,115,395003478.0
8000,20,119,414729746.0
4000,4,3,59156702.0
4000,4,7,60233783.0
4000,4,11,60469129.0
4000,4,15,60945004.0
4000,4,19,60324076.0
4000,4,23,60743588.0
4000,4,27,60856043.0
4000,4,31,60629637.0
4000,4,35,60810043.0
4000,4,39,61029334.0
4000,4,43,61256374.0
4000,4,47,60599697.0
4000,4,51,61019628.0
4000,4,55,60819208.0
4000,4,59,60411876.0
4000,4,63,61426295.0
4000,4,67,60410957.0
4000,4,71,60841108.0
4000,4,75,61260426.0
4000,4,79,60758379.0
4000,4,83,60731553.0
4000,4,87,61270387.0
4000,4,91,62010366.0
4000,4,95,60840280.0
4000,4,99,60679072.0
4000,4,103,60898501.0
4000,4,107,60854227.0
4000,4,111,60872828.0
4000,4,115,61069481.0
4000,4,119,61138797.0
2400,2,3,18160036.0
2400,2,7,18277622.0
2400,2,11,18294787.0
2400,2,15,18186521.0
2400,2,19,17970661.0
2400,2,23,17765572.0
2400,2,27,17934385.0
2400,2,31,17923630.0
2400,2,35,18089027.0
2400,2,39,18217127.0
2400,2,43,18432487.0
2400,2,47,17954323.0
2400,2,51,18077253.0
2400,2,55,18175093.0
2400,2,59,17870373.0
2400,2,63,17856319.0
2400,2,67,17793951.0
2400,2,71,18192333.0
2400,2,75,17881495.0
2400,2,79,17793016.0
2400,2,83,18058102.0
2400,2,87,18080292.0
2400,2,91,18460895.0
2400,2,95,18001700.0
2400,2,99,18326989.0
2400,2,103,17820757.0
2400,2,107,18061100.0
2400,2,111,17675711.0
2400,2,115,17762466.0
2400,2,119,18057092.0
5600,8,3,159330889.0
5600,8,7,163942796.0
5600,8,11,153451312.0
5600,8,15,147643610.0
5600,8,19,154432558.0
5600,8,23,161937122.0
5600,8,27,160796374.0
5600,8,31,131616244.0
5600,8,35,164836148.0
5600,8,39,134507674.0
5600,8,43,165180777.0
5600,8,47,132564937.0
5600,8,51,162047164.0
5600,8,55,152951487.0
5600,8,59,157286919.0
5600,8,63,165834572.0
5600,8,67,164145758.0
5600,8,71,159895031.0
5600,8,75,158820606.0
5600,8,79,162260432.0
5600,8,83,141427909.0
5600,8,87,158745031.0
5600,8,91,161348180.0
5600,8,95,159675902.0
5600,8,99,165964364.0
5600,8,103,157863009.0
5600,8,107,145842757.0
5600,8,111,161918288.0
5600,8,115,154635793.0
5600,8,119,156681569.0
800,4,3,88835.0
800,4,7,88105.0
800,4,11,92467.0
800,4,15,90428.0
800,4,19,87261.0
800,4,23,95656.0
800,4,27,89702.0
800,4,31,86827.0
800,4,35,97690.0
800,4,39,92608.0
800,4,43,89867.0
800,4,47,88499.0
800,4,51,90715.0
800,4,55,88494.0
800,4,59,88282.0
800,4,63,92705.0
800,4,67,89197.0
800,4,71,86280.0
800,4,75,86964.0
800,4,79,88996.0
800,4,83,88594.0
800,4,87,89946.0
800,4,91,90731.0
800,4,95,89232.0
800,4,99,89423.0
800,4,103,88053.0
800,4,107,87471.0
800,4,111,93846.0
800,4,115,86880.0
800,4,119,86451.0
2400,1,3,24544653.0
2400,1,7,24888861.0
2400,1,11,25951356.0
2400,1,15,25176446.0
2400,1,19,27860206.0
2400,1,23,23641750.0
2400,1,27,23738344.0
2400,1,31,24932196.0
2400,1,35,25096366.0
2400,1,39,23630824.0
2400,1,43,23911500.0
2400,1,47,23808055.0
2400,1,51,24721425.0
2400,1,55,28117612.0
2400,1,59,26439065.0
2400,1,63,24146377.0
2400,1,67,23354508.0
2400,1,71,23767645.0
2400,1,75,23884533.0
2400,1,79,24686186.0
2400,1,83,27040419.0
2400,1,87,23649841.0
2400,1,91,25588776.0
2400,1,95,27816492.0
2400,1,99,25744987.0
2400,1,103,30317777.0
2400,1,107,28960359.0
2400,1,111,30732591.0
2400,1,115,28082517.0
2400,1,119,27942590.0
5600,16,3,109633080.0
5600,16,7,118428455.0
5600,16,11,126764948.0
5600,16,15,126603955.0
5600,16,19,123587399.0
5600,16,23,124479123.0
5600,16,27,127565694.0
5600,16,31,124099713.0
5600,16,35,133033184.0
5600,16,39,124554672.0
5600,16,43,123836267.0
5600,16,47,127935566.0
5600,16,51,124004162.0
5600,16,55,125639458.0
5600,16,59,128663550.0
5600,16,63,125528581.0
5600,16,67,133486955.0
5600,16,71,125218509.0
5600,16,75,129236890.0
5600,16,79,123896590.0
5600,16,83,125600690.0
5600,16,87,131154314.0
5600,16,91,130050787.0
5600,16,95,124447197.0
5600,16,99,123871015.0
5600,16,103,127018732.0
5600,16,107,130435724.0
5600,16,111,125082489.0
5600,16,115,123818829.0
5600,16,119,127220904.0
3200,16,3,20088463.0
3200,16,7,20400048.0
3200,16,11,19854315.0
3200,16,15,19787833.0
3200,16,19,20395063.0
3200,16,23,20230060.0
3200,16,27,21562597.0
3200,16,31,20553143.0
3200,16,35,19538338.0
3200,16,39,20546214.0
3200,16,43,20707615.0
3200,16,47,20858656.0
3200,16,51,19709171.0
3200,16,55,20697660.0
3200,16,59,19896527.0
3200,16,63,20561632.0
3200,16,67,21206379.0
3200,16,71,20087923.0
3200,16,75,20423943.0
3200,16,79,20874838.0
3200,16,83,19764650.0
3200,16,87,20414007.0
3200,16,91,20540174.0
3200,16,95,20317686.0
3200,16,99,20136783.0
3200,16,103,22465547.0
3200,16,107,19894148.0
3200,16,111,20984755.0
3200,16,115,20264127.0
3200,16,119,20496889.0
6400,20,3,220845579.0
6400,20,7,236774159.0
6400,20,11,238759156.0
6400,20,15,219256794.0
6400,20,19,217955237.0
6400,20,23,214012159.0
6400,20,27,208425976.0
6400,20,31,211366245.0
6400,20,35,203956016.0
6400,20,39,212662222.0
6400,20,43,224523255.0
6400,20,47,219409580.0
6400,20,51,218394472.0
6400,20,55,223293159.0
6400,20,59,218214953.0
6400,20,63,214068514.0
6400,20,67,222493250.0
6400,20,71,216647857.0
6400,20,75,218463629.0
6400,20,79,225250316.0
6400,20,83,221413353.0
6400,20,87,210162068.0
6400,20,91,223114027.0
6400,20,95,224266089.0
6400,20,99,217100566.0
6400,20,103,217964857.0
6400,20,107,213659581.0
6400,20,111,221472310.0
6400,20,115,229855148.0
6400,20,119,223985746.0
800,1,3,321857.0
800,1,7,323542.0
800,1,11,323770.0
800,1,15,323870.0
800,1,19,323633.0
800,1,23,324174.0
800,1,27,322952.0
800,1,31,319097.0
800,1,35,322359.0
800,1,39,320856.0
800,1,43,321303.0
800,1,47,322177.0
800,1,51,324471.0
800,1,55,321896.0
800,1,59,322117.0
800,1,63,323512.0
800,1,67,320203.0
800,1,71,323711.0
800,1,75,321191.0
800,1,79,322788.0
800,1,83,322446.0
800,1,87,319691.0
800,1,91,321955.0
800,1,95,322577.0
800,1,99,319620.0
800,1,103,323350.0
800,1,107,322552.0
800,1,111,320937.0
800,1,115,323890.0
800,1,119,325820.0
4000,2,3,121639331.0
4000,2,7,123760101.0
4000,2,11,121712364.0
4000,2,15,121317088.0
4000,2,19,121743655.0
4000,2,23,122434154.0
4000,2,27,121377617.0
4000,2,31,122427374.0
4000,2,35,121267155.0
4000,2,39,121309485.0
4000,2,43,122673805.0
4000,2,47,122121755.0
4000,2,51,121761983.0
4000,2,55,121304555.0
4000,2,59,122062576.0
4000,2,63,121139449.0
4000,2,67,122501104.0
4000,2,71,121035180.0
4000,2,75,122538292.0
4000,2,79,122289945.0
4000,2,83,121591256.0
4000,2,87,121591747.0
4000,2,91,123014283.0
4000,2,95,121475550.0
4000,2,99,121680174.0
4000,2,103,122437975.0
4000,2,107,122468869.0
4000,2,111,124206192.0
4000,2,115,121357111.0
4000,2,119,121367088.0
800,20,3,60103.0
800,20,7,55231.0
800,20,11,49647.0
800,20,15,55636.0
800,20,19,56156.0
800,20,23,55837.0
800,20,27,55742.0
800,20,31,61763.0
800,20,35,55672.0
800,20,39,65211.0
800,20,43,64367.0
800,20,47,59550.0
800,20,51,57180.0
800,20,55,63003.0
800,20,59,54985.0
800,20,63,55369.0
800,20,67,52704.0
800,20,71,55244.0
800,20,75,55595.0
800,20,79,55237.0
800,20,83,55266.0
800,20,87,51352.0
800,20,91,55248.0
800,20,95,60105.0
800,20,99,65647.0
800,20,103,55205.0
800,20,107,54472.0
800,20,111,65830.0
800,20,115,55862.0
800,20,119,54089.0
2400,4,3,8305691.0
2400,4,7,8131372.0
2400,4,11,8084062.0
2400,4,15,8259532.0
2400,4,19,8171799.0
2400,4,23,8266213.0
2400,4,27,8276415.0
2400,4,31,8333464.0
2400,4,35,8239903.0
2400,4,39,8353240.0
2400,4,43,8244987.0
2400,4,47,8392825.0
2400,4,51,8469571.0
2400,4,55,8706995.0
2400,4,59,8379792.0
2400,4,63,8361978.0
2400,4,67,8358248.0
2400,4,71,8329851.0
2400,4,75,8407296.0
2400,4,79,8388089.0
2400,4,83,8381506.0
2400,4,87,8522793.0
2400,4,91,8385886.0
2400,4,95,8477233.0
2400,4,99,8457193.0
2400,4,103,8505610.0
2400,4,107,8358598.0
2400,4,111,8474841.0
2400,4,115,8284375.0
2400,4,119,8459599.0
3200,8,3,31257787.0
3200,8,7,27754317.0
3200,8,11,24618926.0
3200,8,15,22845196.0
3200,8,19,30408975.0
3200,8,23,27173759.0
3200,8,27,29282784.0
3200,8,31,26775722.0
3200,8,35,21063506.0
3200,8,39,31413973.0
3200,8,43,20201227.0
3200,8,47,25584451.0
3200,8,51,25629011.0
3200,8,55,29436830.0
3200,8,59,29659568.0
3200,8,63,27563191.0
3200,8,67,28885648.0
3200,8,71,29427469.0
3200,8,75,27753164.0
3200,8,79,29630927.0
3200,8,83,24899792.0
3200,8,87,30210032.0
3200,8,91,30903744.0
3200,8,95,26103310.0
3200,8,99,27162347.0
3200,8,103,23009290.0
3200,8,107,26007596.0
3200,8,111,21747052.0
3200,8,115,30615158.0
3200,8,119,28879121.0
800,2,3,166469.0
800,2,7,166970.0
800,2,11,162373.0
800,2,15,164331.0
800,2,19,168357.0
800,2,23,163646.0
800,2,27,161537.0
800,2,31,162762.0
800,2,35,166116.0
800,2,39,161624.0
800,2,43,162351.0
800,2,47,168685.0
800,2,51,163510.0
800,2,55,164595.0
800,2,59,165139.0
800,2,63,166709.0
800,2,67,165086.0
800,2,71,168483.0
800,2,75,166109.0
800,2,79,163665.0
800,2,83,163741.0
800,2,87,163684.0
800,2,91,165056.0
800,2,95,162240.0
800,2,99,167673.0
800,2,103,163742.0
800,2,107,162020.0
800,2,111,167568.0
800,2,115,163964.0
800,2,119,162872.0
4000,1,3,237850073.0
4000,1,7,235239977.0
4000,1,11,259556418.0
4000,1,15,233621274.0
4000,1,19,243649272.0
4000,1,23,241653486.0
4000,1,27,237813724.0
4000,1,31,244514930.0
4000,1,35,237621879.0
4000,1,39,246119393.0
4000,1,43,243278120.0
4000,1,47,234810470.0
4000,1,51,240301550.0
4000,1,55,232943163.0
4000,1,59,233773626.0
4000,1,63,243440027.0
4000,1,67,233982856.0
4000,1,71,238502368.0
4000,1,75,236550843.0
4000,1,79,254794756.0
4000,1,83,237190763.0
4000,1,87,233020088.0
4000,1,91,227609216.0
4000,1,95,238163080.0
4000,1,99,235353548.0
4000,1,103,236938586.0
4000,1,107,239860778.0
4000,1,111,236100180.0
4000,1,115,237374818.0
4000,1,119,246839653.0
6400,1,3,1217004524.0
6400,1,7,1453382463.0
6400,1,11,1440928454.0
6400,1,15,1231438108.0
6400,1,19,1430998438.0
6400,1,23,1480970221.0
6400,1,27,1211908412.0
6400,1,31,1479709881.0
6400,1,35,1270565280.0
6400,1,39,1471309423.0
6400,1,43,1452613213.0
6400,1,47,1445350305.0
6400,1,51,1463907965.0
6400,1,55,1252522477.0
6400,1,59,1455118773.0
6400,1,63,1269553102.0
6400,1,67,1227216308.0
6400,1,71,1228632694.0
6400,1,75,1482027218.0
6400,1,79,1470892937.0
6400,1,83,1461569864.0
6400,1,87,1254379394.0
6400,1,91,1406257129.0
6400,1,95,1245420357.0
6400,1,99,1245019266.0
6400,1,103,1230072517.0
6400,1,107,1221771539.0
6400,1,111,1233302368.0
6400,1,115,1274962912.0
6400,1,119,1235491280.0
1600,8,3,595440.0
1600,8,7,567669.0
1600,8,11,580975.0
1600,8,15,576747.0
1600,8,19,578841.0
1600,8,23,597218.0
1600,8,27,634507.0
1600,8,31,695651.0
1600,8,35,674915.0
1600,8,39,644684.0
1600,8,43,646580.0
1600,8,47,659630.0
1600,8,51,665431.0
1600,8,55,636336.0
1600,8,59,659743.0
1600,8,63,675129.0
1600,8,67,619319.0
1600,8,71,666527.0
1600,8,75,636842.0
1600,8,79,656710.0
1600,8,83,659428.0
1600,8,87,642737.0
1600,8,91,659831.0
1600,8,95,638710.0
1600,8,99,679756.0
1600,8,103,955603.0
1600,8,107,672188.0
1600,8,111,664756.0
1600,8,115,657371.0
1600,8,119,677291.0
6400,2,3,587627906.0
6400,2,7,577841858.0
6400,2,11,562118727.0
6400,2,15,567099520.0
6400,2,19,565748608.0
6400,2,23,576985512.0
6400,2,27,565716823.0
6400,2,31,582924654.0
6400,2,35,562385221.0
6400,2,39,561635698.0
6400,2,43,574494410.0
6400,2,47,566461452.0
6400,2,51,567456878.0
6400,2,55,566525504.0
6400,2,59,564288990.0
6400,2,63,563757303.0
6400,2,67,570838193.0
6400,2,71,565920682.0
6400,2,75,560653829.0
6400,2,79,563428998.0
6400,2,83,565868675.0
6400,2,87,582279826.0
6400,2,91,563083007.0
6400,2,95,566852507.0
6400,2,99,587151054.0
6400,2,103,563256015.0
6400,2,107,563297268.0
6400,2,111,567104072.0
6400,2,115,572730226.0
6400,2,119,556483461.0
4800,8,3,94097728.0
4800,8,7,82105701.0
4800,8,11,111399771.0
4800,8,15,112559214.0
4800,8,19,112576315.0
4800,8,23,109213817.0
4800,8,27,115535181.0
4800,8,31,109858551.0
4800,8,35,80789783.0
4800,8,39,110950336.0
4800,8,43,110483908.0
4800,8,47,109775214.0
4800,8,51,112296998.0
4800,8,55,112855790.0
4800,8,59,101247605.0
4800,8,63,106551494.0
4800,8,67,105453274.0
4800,8,71,93718906.0
4800,8,75,113451744.0
4800,8,79,113765239.0
4800,8,83,114353903.0
4800,8,87,109519858.0
4800,8,91,107268560.0
4800,8,95,98778025.0
4800,8,99,110611864.0
4800,8,103,107606961.0
4800,8,107,111551813.0
4800,8,111,110177744.0
4800,8,115,115878993.0
4800,8,119,111336601.0
8000,4,3,532092947.0
8000,4,7,540867856.0
8000,4,11,546059391.0
8000,4,15,558039772.0
8000,4,19,541780460.0
8000,4,23,543927238.0
8000,4,27,545473014.0
8000,4,31,539570276.0
8000,4,35,544827544.0
8000,4,39,545164280.0
8000,4,43,567714945.0
8000,4,47,565432470.0
8000,4,51,542510218.0
8000,4,55,542783890.0
8000,4,59,550274622.0
8000,4,63,536717441.0
8000,4,67,539107761.0
8000,4,71,541125065.0
8000,4,75,538834252.0
8000,4,79,539959820.0
8000,4,83,540997407.0
8000,4,87,540627538.0
8000,4,91,538194217.0
8000,4,95,537576175.0
8000,4,99,537852207.0
8000,4,103,560702542.0
8000,4,107,536827195.0
8000,4,111,560360252.0
8000,4,115,537401589.0
8000,4,119,538570736.0
4800,16,3,73978181.0
4800,16,7,71022543.0
4800,16,11,82561455.0
4800,16,15,77439893.0
4800,16,19,78233611.0
4800,16,23,85134492.0
4800,16,27,80146367.0
4800,16,31,81766884.0
4800,16,35,82480684.0
4800,16,39,78311418.0
4800,16,43,79461056.0
4800,16,47,79669778.0
4800,16,51,78435485.0
4800,16,55,78416233.0
4800,16,59,81401862.0
4800,16,63,78975571.0
4800,16,67,81706522.0
4800,16,71,79532138.0
4800,16,75,84065043.0
4800,16,79,84504498.0
4800,16,83,77396878.0
4800,16,87,86342180.0
4800,16,91,80101512.0
4800,16,95,77123813.0
4800,16,99,77987055.0
4800,16,103,76962897.0
4800,16,107,82676803.0
4800,16,111,80455712.0
4800,16,115,77878308.0
4800,16,119,80732202.0
1600,20,3,874435.0
1600,20,7,865357.0
1600,20,11,926262.0
1600,20,15,925000.0
1600,20,19,906757.0
1600,20,23,1060047.0
1600,20,27,961044.0
1600,20,31,947179.0
1600,20,35,925713.0
1600,20,39,868238.0
1600,20,43,824059.0
1600,20,47,826029.0
1600,20,51,907107.0
1600,20,55,1192886.0
1600,20,59,874155.0
1600,20,63,884612.0
1600,20,67,1029209.0
1600,20,71,846783.0
1600,20,75,876290.0
1600,20,79,895268.0
1600,20,83,1113708.0
1600,20,87,874644.0
1600,20,91,896276.0
1600,20,95,1013445.0
1600,20,99,914601.0
1600,20,103,806684.0
1600,20,107,870022.0
1600,20,111,922068.0
1600,20,115,896931.0
1600,20,119,922145.0
7200,20,3,310390007.0
7200,20,7,295304298.0
7200,20,11,291219388.0
7200,20,15,305810043.0
7200,20,19,296121218.0
7200,20,23,293703759.0
7200,20,27,295818217.0
7200,20,31,309020657.0
7200,20,35,299570700.0
7200,20,39,305073775.0
7200,20,43,292318175.0
7200,20,47,276818108.0
7200,20,51,307460897.0
7200,20,55,305472976.0
7200,20,59,305202402.0
7200,20,63,296201349.0
7200,20,67,307436629.0
7200,20,71,298603249.0
7200,20,75,344670561.0
7200,20,79,334004746.0
7200,20,83,311456273.0
7200,20,87,275700144.0
7200,20,91,308562957.0
7200,20,95,279082465.0
7200,20,99,310266630.0
7200,20,103,292169902.0
7200,20,107,315883577.0
7200,20,111,297993984.0
7200,20,115,291697893.0
7200,20,119,311575412.0
2400,16,3,4870979.0
2400,16,7,5358376.0
2400,16,11,5835450.0
2400,16,15,5458690.0
2400,16,19,5315376.0
2400,16,23,6022966.0
2400,16,27,5603161.0
2400,16,31,5515331.0
2400,16,35,5271894.0
2400,16,39,6074071.0
2400,16,43,5597069.0
2400,16,47,5889824.0
2400,16,51,5656857.0
2400,16,55,5558356.0
2400,16,59,5418162.0
2400,16,63,6010522.0
2400,16,67,5568708.0
2400,16,71,5463310.0
2400,16,75,6112834.0
2400,16,79,5409424.0
2400,16,83,5367358.0
2400,16,87,6087475.0
2400,16,91,5415039.0
2400,16,95,5828444.0
2400,16,99,5409440.0
2400,16,103,5916486.0
2400,16,107,5532139.0
2400,16,111,6068747.0
2400,16,115,5554472.0
2400,16,119,5369930.0
7200,8,3,352988863.0
7200,8,7,321263760.0
7200,8,11,354027828.0
7200,8,15,353389966.0
7200,8,19,363359310.0
7200,8,23,354520035.0
7200,8,27,301647838.0
7200,8,31,318154925.0
7200,8,35,356405683.0
7200,8,39,365346604.0
7200,8,43,349243059.0
7200,8,47,288980891.0
7200,8,51,362868966.0
7200,8,55,302478262.0
7200,8,59,362558931.0
7200,8,63,346276236.0
7200,8,67,345451109.0
7200,8,71,305992673.0
7200,8,75,353985904.0
7200,8,79,329275873.0
7200,8,83,369428278.0
7200,8,87,297521270.0
7200,8,91,295896999.0
7200,8,95,359534668.0
7200,8,99,363981787.0
7200,8,103,318669268.0
7200,8,107,330858395.0
7200,8,111,365564133.0
7200,8,115,345771812.0
7200,8,119,330073071.0
4000,16,3,41176136.0
4000,16,7,41419454.0
4000,16,11,39545295.0
4000,16,15,41269762.0
4000,16,19,42886051.0
4000,16,23,41914445.0
4000,16,27,41132481.0
4000,16,31,42361825.0
4000,16,35,43319408.0
4000,16,39,42993183.0
4000,16,43,41932431.0
4000,16,47,43458548.0
4000,16,51,44437164.0
4000,16,55,45008676.0
4000,16,59,43279604.0
4000,16,63,43788624.0
4000,16,67,42527915.0
4000,16,71,42651334.0
4000,16,75,42851681.0
4000,16,79,43046115.0
4000,16,83,42476001.0
4000,16,87,42438680.0
4000,16,91,42255219.0
4000,16,95,44082842.0
4000,16,99,42778126.0
4000,16,103,42691589.0
4000,16,107,43722663.0
4000,16,111,41595836.0
4000,16,115,42159466.0
4000,16,119,42104844.0
8000,1,3,2154991811.0
8000,1,7,4083817540.0
8000,1,11,3518797607.0
8000,1,15,3802510339.0
8000,1,19,2099764045.0
8000,1,23,2178332764.0
8000,1,27,2157263949.0
8000,1,31,2130215655.0
8000,1,35,2157750460.0
8000,1,39,2214721815.0
8000,1,43,2187784913.0
8000,1,47,2154082351.0
8000,1,51,2152533515.0
8000,1,55,2124045977.0
8000,1,59,2131564078.0
8000,1,63,2114250022.0
8000,1,67,2213348727.0
8000,1,71,2128332009.0
8000,1,75,2183865940.0
8000,1,79,2119774384.0
8000,1,83,2175780472.0
8000,1,87,2122497891.0
8000,1,91,2087542100.0
8000,1,95,2108447599.0
8000,1,99,2110224944.0
8000,1,103,2176848429.0
8000,1,107,2130792103.0
8000,1,111,2141434823.0
8000,1,115,2135159138.0
8000,1,119,2268705552.0
6400,4,3,281926106.0
6400,4,7,284452524.0
6400,4,11,285852420.0
6400,4,15,289816476.0
6400,4,19,283332284.0
6400,4,23,296034460.0
6400,4,27,283501766.0
6400,4,31,286727599.0
6400,4,35,282415482.0
6400,4,39,284471065.0
6400,4,43,282851020.0
6400,4,47,285565545.0
6400,4,51,286194069.0
6400,4,55,286417706.0
6400,4,59,282125686.0
6400,4,63,294323352.0
6400,4,67,282867113.0
6400,4,71,284911378.0
6400,4,75,282370617.0
6400,4,79,291758066.0
6400,4,83,294640101.0
6400,4,87,282673484.0
6400,4,91,271480010.0
6400,4,95,282778483.0
6400,4,99,285935966.0
6400,4,103,280460477.0
6400,4,107,283861216.0
6400,4,111,295251950.0
6400,4,115,286642728.0
6400,4,119,282532219.0
8000,2,3,1045388304.0
8000,2,7,1045542693.0
8000,2,11,1043875356.0
8000,2,15,1048239595.0
8000,2,19,1050119802.0
8000,2,23,1049522937.0
8000,2,27,1050625249.0
8000,2,31,1045490484.0
8000,2,35,1070622569.0
8000,2,39,1049479535.0
8000,2,43,1049816025.0
8000,2,47,1048852045.0
8000,2,51,1075430552.0
8000,2,55,1050181541.0
8000,2,59,1058424421.0
8000,2,63,1057398221.0
8000,2,67,1050629877.0
8000,2,71,1082814583.0
8000,2,75,1050757293.0
8000,2,79,1078421912.0
8000,2,83,1080148709.0
8000,2,87,1064434980.0
8000,2,91,1067607063.0
8000,2,95,1046573075.0
8000,2,99,1064496217.0
8000,2,103,1047603215.0
8000,2,107,1048284581.0
8000,2,111,1061148658.0
8000,2,115,1052402302.0
8000,2,119,1047789448.0
